Ticker,Region
EWJ,Asia Pacific
BBJP,Asia Pacific
MCHI,Asia Pacific
EWT,Asia Pacific
EWY,Asia Pacific
AAXJ,Asia Pacific
INDA,Asia Pacific
VPL,Asia Pacific
FXI,Asia Pacific
KWEB,Asia Pacific
BBAX,Asia Pacific
AIA,Asia Pacific
ASHR,Asia Pacific
EPP,Asia Pacific
GXC,Asia Pacific
DXJ,Asia Pacific
CQQQ,Asia Pacific
EWA,Asia Pacific
IPAC,Asia Pacific
EWH,Asia Pacific
CXSE,Asia Pacific
EEMA,Asia Pacific
KBA,Asia Pacific
EPI,Asia Pacific
GMF,Asia Pacific
CHIQ,Asia Pacific
EWS,Asia Pacific
CNYA,Asia Pacific
INDY,Asia Pacific
FLJP,Asia Pacific
VNM,Asia Pacific
HEWJ,Asia Pacific
THD,Asia Pacific
YINN,Asia Pacific
EIDO,Asia Pacific
SMIN,Asia Pacific
EWM,Asia Pacific
PGJ,Asia Pacific
KURE,Asia Pacific
FNI,Asia Pacific
DFJ,Asia Pacific
DBJP,Asia Pacific
FXY,Asia Pacific
ENZL,Asia Pacific
CHAU,Asia Pacific
KGRN,Asia Pacific
FXA,Asia Pacific
CWEB,Asia Pacific
KFVG,Asia Pacific
EPHE,Asia Pacific
CHAD,Asia Pacific
FLCH,Asia Pacific
CBON,Asia Pacific
PIN,Asia Pacific
KSTR,Asia Pacific
ECNS,Asia Pacific
INDL,Asia Pacific
INCO,Asia Pacific
JPXN,Asia Pacific
CHIX,Asia Pacific
NFTY,Asia Pacific
FLKR,Asia Pacific
GLIN,Asia Pacific
SCJ,Asia Pacific
KBUY,Asia Pacific
KORU,Asia Pacific
CNXT,Asia Pacific
CYB,Asia Pacific
DVYA,Asia Pacific
FLTW,Asia Pacific
CHIK,Asia Pacific
ASHS,Asia Pacific
EWJV,Asia Pacific
FJP,Asia Pacific
GLCN,Asia Pacific
FLAX,Asia Pacific
CN,Asia Pacific
IDX,Asia Pacific
ASEA,Asia Pacific
DXJS,Asia Pacific
YCS,Asia Pacific
PAK,Asia Pacific
XPP,Asia Pacific
YANG,Asia Pacific
JPN,Asia Pacific
FLIN,Asia Pacific
FLAU,Asia Pacific
FLJH,Asia Pacific
KALL,Asia Pacific
GSJY,Asia Pacific
FPA,Asia Pacific
CHIS,Asia Pacific
CHIH,Asia Pacific
CHNA,Asia Pacific
RAYC,Asia Pacific
FLHK,Asia Pacific
CHIC,Asia Pacific
FXP,Asia Pacific
FCA,Asia Pacific
ASHX,Asia Pacific
KFYP,Asia Pacific
KESG,Asia Pacific
CHIL,Asia Pacific
KCNY,Asia Pacific
AFTY,Asia Pacific
KCCB,Asia Pacific
RFAP,Asia Pacific
EWJE,Asia Pacific
CHB,Asia Pacific
INDF,Asia Pacific
EZJ,Asia Pacific
CHIR,Asia Pacific
CHIM,Asia Pacific
ADIV,Asia Pacific
IXSE,Asia Pacific
EWV,Asia Pacific
KEJI,Asia Pacific
HJPX,Asia Pacific
CHIE,Asia Pacific
YXI,Asia Pacific
CHII,Asia Pacific
YCL,Asia Pacific
CROC,Asia Pacific
CHIU,Asia Pacific
VEA,Develop Market
IEFA,Develop Market
EFA,Develop Market
SCHF,Develop Market
SCZ,Develop Market
EFV,Develop Market
SPDW,Develop Market
EFG,Develop Market
EFAV,Develop Market
FNDF,Develop Market
IDEV,Develop Market
ESGD,Develop Market
IDV,Develop Market
DBEF,Develop Market
SCHC,Develop Market
BBIN,Develop Market
IQLT,Develop Market
HEFA,Develop Market
FNDC,Develop Market
BOTZ,Develop Market
GSIE,Develop Market
RODM,Develop Market
DLS,Develop Market
URTH,Develop Market
IGOV,Develop Market
FINX,Develop Market
PXF,Develop Market
IVLU,Develop Market
IHDG,Develop Market
INTF,Develop Market
FDVV,Develop Market
JPIN,Develop Market
AVDV,Develop Market
AVDE,Develop Market
GWX,Develop Market
IMTM,Develop Market
KOKU,Develop Market
IDLV,Develop Market
HDEF,Develop Market
QEFA,Develop Market
TLTD,Develop Market
DWM,Develop Market
LCTD,Develop Market
FGD,Develop Market
JHMD,Develop Market
FDRR,Develop Market
SNSR,Develop Market
PDN,Develop Market
FDT,Develop Market
DFAI,Develop Market
UUP,Develop Market
DOL,Develop Market
UIVM,Develop Market
GSID,Develop Market
ISDX,Develop Market
HFXI,Develop Market
IFGL,Develop Market
IQIN,Develop Market
IQDG,Develop Market
EFAX,Develop Market
AIQ,Develop Market
POTX,Develop Market
PIZ,Develop Market
GHYG,Develop Market
IDOG,Develop Market
IQSI,Develop Market
DMRI,Develop Market
KLDW,Develop Market
ISCF,Develop Market
DTH,Develop Market
TOK,Develop Market
RFDI,Develop Market
ESGG,Develop Market
DDWM,Develop Market
DOO,Develop Market
DIM,Develop Market
DMXF,Develop Market
IVAL,Develop Market
GCOW,Develop Market
EFAD,Develop Market
IMFL,Develop Market
PTIN,Develop Market
RBIN,Develop Market
CIL,Develop Market
NUDM,Develop Market
PICB,Develop Market
IDHQ,Develop Market
HDMV,Develop Market
MFDX,Develop Market
HSCZ,Develop Market
QLVD,Develop Market
WPS,Develop Market
IMOM,Develop Market
IJAN,Develop Market
TPIF,Develop Market
FIDI,Develop Market
UDN,Develop Market
PDEV,Develop Market
IPFF,Develop Market
HYXU,Develop Market
DEEF,Develop Market
LVHI,Develop Market
ISHG,Develop Market
TTAI,Develop Market
FFTG,Develop Market
QWLD,Develop Market
VMOT,Develop Market
TRND,Develop Market
BKIE,Develop Market
AGNG,Develop Market
CIZ,Develop Market
PQIN,Develop Market
MRGR,Develop Market
EBLU,Develop Market
DDLS,Develop Market
DWMF,Develop Market
FFR,Develop Market
ISWN,Develop Market
FYLD,Develop Market
BFIT,Develop Market
FIVA,Develop Market
IJUL,Develop Market
IAPR,Develop Market
ICOW,Develop Market
ISZE,Develop Market
RNDM,Develop Market
FIHD,Develop Market
DBV,Develop Market
CID,Develop Market
WLDR,Develop Market
IDHD,Develop Market
WCBR,Develop Market
EASG,Develop Market
ESHY,Develop Market
FLQH,Develop Market
ISVL,Develop Market
FDEV,Develop Market
EFAS,Develop Market
TPAY,Develop Market
EFO,Develop Market
ECLN,Develop Market
AIIQ,Develop Market
YDEC,Develop Market
FDTS,Develop Market
EFZ,Develop Market
PBDM,Develop Market
IDMO,Develop Market
RESD,Develop Market
IDLB,Develop Market
DEFA,Develop Market
ARB,Develop Market
ESGN,Develop Market
YMAR,Develop Market
WKLY,Develop Market
FICS,Develop Market
CEFA,Develop Market
DMDV,Develop Market
NTSI,Develop Market
HERD,Develop Market
EFU,Develop Market
VWO,Emerging Market
IEMG,Emerging Market
EEM,Emerging Market
EMB,Emerging Market
SCHE,Emerging Market
ESGE,Emerging Market
SPEM,Emerging Market
XSOE,Emerging Market
FNDE,Emerging Market
EEMV,Emerging Market
EMLC,Emerging Market
VWOB,Emerging Market
PCY,Emerging Market
DGS,Emerging Market
DEM,Emerging Market
EMQQ,Emerging Market
PXH,Emerging Market
GEM,Emerging Market
EBND,Emerging Market
LDEM,Emerging Market
DVYE,Emerging Market
HYEM,Emerging Market
AVEM,Emerging Market
EMGF,Emerging Market
JHEM,Emerging Market
EMXC,Emerging Market
EWX,Emerging Market
MFEM,Emerging Market
FEM,Emerging Market
LEMB,Emerging Market
EMHY,Emerging Market
CEMB,Emerging Market
EEMS,Emerging Market
TLTE,Emerging Market
EELV,Emerging Market
EDIV,Emerging Market
FEMB,Emerging Market
EDC,Emerging Market
UEVM,Emerging Market
DFAE,Emerging Market
PIE,Emerging Market
ADRE,Emerging Market
HEEM,Emerging Market
BKF,Emerging Market
EEMX,Emerging Market
JPEM,Emerging Market
ECON,Emerging Market
EMHC,Emerging Market
FEMS,Emerging Market
ELD,Emerging Market
EMBD,Emerging Market
EJAN,Emerging Market
EMTL,Emerging Market
DBEM,Emerging Market
KEMQ,Emerging Market
JEMA,Emerging Market
DGRE,Emerging Market
EET,Emerging Market
NUEM,Emerging Market
BICK,Emerging Market
QEMM,Emerging Market
JPMB,Emerging Market
EYLD,Emerging Market
SDEM,Emerging Market
FRDM,Emerging Market
RFEM,Emerging Market
EMCB,Emerging Market
ROAM,Emerging Market
BKEM,Emerging Market
BSBE,Emerging Market
GSEE,Emerging Market
RESE,Emerging Market
KEMX,Emerging Market
XCEM,Emerging Market
BSCE,Emerging Market
ESEB,Emerging Market
ISEM,Emerging Market
FLQE,Emerging Market
EDOG,Emerging Market
EAPR,Emerging Market
FDEM,Emerging Market
EMDV,Emerging Market
EDZ,Emerging Market
BSDE,Emerging Market
EMFM,Emerging Market
EUM,Emerging Market
CEY,Emerging Market
EFIX,Emerging Market
EMSG,Emerging Market
EJUL,Emerging Market
QLVE,Emerging Market
CEW,Emerging Market
EMIF,Emerging Market
EMAG,Emerging Market
EMXF,Emerging Market
BSAE,Emerging Market
PBEE,Emerging Market
EEMO,Emerging Market
RNEM,Emerging Market
EMSH,Emerging Market
EMBH,Emerging Market
EEMD,Emerging Market
EWEB,Emerging Market
EEV,Emerging Market
KMED,Emerging Market
EMMF,Emerging Market
ECOW,Emerging Market
NTSE,Emerging Market
VGK,Europe
BBEU,Europe
EZU,Europe
IEUR,Europe
EWU,Europe
EWG,Europe
FEZ,Europe
HEDJ,Europe
RSX,Europe
IEV,Europe
EUFN,Europe
EWL,Europe
EWQ,Europe
HEZU,Europe
EWI,Europe
DBEU,Europe
ERUS,Europe
EWP,Europe
EWD,Europe
FEP,Europe
DFE,Europe
EPOL,Europe
EWN,Europe
FXE,Europe
FXF,Europe
FDD,Europe
FLEE,Europe
TUR,Europe
FLGB,Europe
IEUS,Europe
SPEU,Europe
GREK,Europe
EDEN,Europe
FXB,Europe
EWUS,Europe
FGM,Europe
FSZ,Europe
EWO,Europe
EIRL,Europe
HEWG,Europe
RUSL,Europe
EURL,Europe
PTEU,Europe
EUDG,Europe
FLSW,Europe
NORW,Europe
ENOR,Europe
EWGS,Europe
EUO,Europe
EWK,Europe
DAX,Europe
EFNL,Europe
EUSC,Europe
GXF,Europe
RSXJ,Europe
DXGE,Europe
FKU,Europe
FEUZ,Europe
OEUR,Europe
GSEU,Europe
FEUL,Europe
RFEU,Europe
FLRU,Europe
FLEH,Europe
PGAL,Europe
DBEZ,Europe
DBGR,Europe
FLGR,Europe
FIEE,Europe
EUDV,Europe
HEWU,Europe
FLFR,Europe
EPV,Europe
FPXE,Europe
UPV,Europe
FLIY,Europe
ULE,Europe
EURZ,Europe
EUFX,Europe
FM,Frontier Market
GLD,Global
IAU,Global
VT,Global
ARKK,Global
ACWI,Global
GDX,Global
SLV,Global
ARKG,Global
FPE,Global
GDXJ,Global
PDBC,Global
ICLN,Global
GUNR,Global
SMH,Global
ARKW,Global
SRLN,Global
ACWV,Global
FIXD,Global
NEAR,Global
GLDM,Global
IXN,Global
BOND,Global
JETS,Global
CIBR,Global
ARKF,Global
XT,Global
LIT,Global
IOO,Global
USO,Global
TOTL,Global
REET,Global
IGF,Global
IXJ,Global
GSY,Global
ARKQ,Global
VNLA,Global
TAN,Global
IXG,Global
NFRA,Global
FV,Global
OIH,Global
DBC,Global
SGOL,Global
HYLS,Global
GNR,Global
COMT,Global
FTSL,Global
HACK,Global
KOMP,Global
PBW,Global
FBND,Global
AOR,Global
ROBO,Global
RWO,Global
MJ,Global
AOM,Global
TDIV,Global
SIL,Global
PPLT,Global
FTGC,Global
IXC,Global
PICK,Global
AOA,Global
GSG,Global
CLOU,Global
RPAR,Global
COPX,Global
IBUY,Global
MOO,Global
IPAY,Global
FIVG,Global
UCO,Global
LDUR,Global
BAR,Global
DIAL,Global
BLOK,Global
SIVR,Global
SILJ,Global
ONLN,Global
GLTR,Global
NXTG,Global
DBA,Global
SDIV,Global
HTRB,Global
NUGT,Global
CGW,Global
MXI,Global
DRIV,Global
AOK,Global
PCEF,Global
CRBN,Global
QAI,Global
ESPO,Global
MNA,Global
URA,Global
REMX,Global
DJP,Global
AGQ,Global
GTO,Global
EDOC,Global
JNUG,Global
TDSC,Global
OGIG,Global
HERO,Global
BCI,Global
ARKX,Global
RING,Global
SPGM,Global
KXI,Global
BNDW,Global
PRNT,Global
INFL,Global
SRET,Global
BBH,Global
DBO,Global
IHAK,Global
OUNZ,Global
SDG,Global
EXI,Global
SOCL,Global
PALL,Global
RXI,Global
WOOD,Global
ERTH,Global
BETZ,Global
GINN,Global
YYY,Global
DWLD,Global
GII,Global
FLTB,Global
IRBO,Global
DBB,Global
RAVI,Global
UCON,Global
PBD,Global
GRID,Global
IDRV,Global
FAN,Global
KRBN,Global
GQRE,Global
SLVP,Global
AAAU,Global
AWAY,Global
BUG,Global
FPEI,Global
FTLS,Global
URNM,Global
YOLO,Global
FLHY,Global
PREF,Global
CPER,Global
TDSB,Global
IXP,Global
BNO,Global
WDIV,Global
BLCN,Global
FBCG,Global
PAWZ,Global
IDNA,Global
SMOG,Global
PIO,Global
GAL,Global
SGDM,Global
FCVT,Global
UGL,Global
TDSD,Global
PSP,Global
UNG,Global
SLX,Global
FDHY,Global
ULTR,Global
IYLD,Global
PGHY,Global
ROBT,Global
PPH,Global
EBIZ,Global
RTH,Global
YLD,Global
FVC,Global
CACG,Global
COMB,Global
DTEC,Global
DFNL,Global
USCI,Global
HTEC,Global
BGRN,Global
FFTI,Global
GCC,Global
COM,Global
KARS,Global
GNOM,Global
USL,Global
SLVO,Global
CORN,Global
GSCE,Global
BATT,Global
TOLZ,Global
DUDE,Global
JCPB,Global
DWAW,Global
JXI,Global
HCRB,Global
BJK,Global
AWTM,Global
VALT,Global
AGOX,Global
LRGE,Global
SGDJ,Global
STOT,Global
CNBS,Global
RJI,Global
BLES,Global
RJA,Global
CVY,Global
TDSE,Global
TCHP,Global
WTMF,Global
UGA,Global
DBP,Global
CTEC,Global
GVAL,Global
UFO,Global
AFIF,Global
RNRG,Global
OCIO,Global
RIGS,Global
RLY,Global
JO,Global
WBND,Global
GDMA,Global
HSRT,Global
JAAA,Global
USOI,Global
GOAU,Global
DGP,Global
GAMR,Global
SPCX,Global
DUST,Global
CUT,Global
LOWC,Global
INKM,Global
ACWF,Global
GENY,Global
DJCB,Global
FAAR,Global
QTUM,Global
LEGR,Global
CLIX,Global
RFCI,Global
NERD,Global
GXTG,Global
GLDI,Global
MINC,Global
DGT,Global
JDST,Global
FBCV,Global
CMDY,Global
DGL,Global
LOUP,Global
VEGI,Global
BDRY,Global
DBE,Global
OILK,Global
GRNB,Global
SOYB,Global
KOLD,Global
DALI,Global
WEAT,Global
SQEW,Global
JJC,Global
FFIU,Global
HAP,Global
WIZ,Global
FILL,Global
FDIV,Global
JSCP,Global
SCO,Global
CEFS,Global
DEW,Global
TMAT,Global
DALT,Global
ACTV,Global
GMOM,Global
FMIL,Global
TDVG,Global
EVX,Global
GOEX,Global
CARZ,Global
FISR,Global
OIL,Global
FMF,Global
BOIL,Global
GRN,Global
VPN,Global
DMRE,Global
WBIF,Global
WBII,Global
UCIB,Global
JSTC,Global
GAA,Global
CPI,Global
IVES,Global
MPRO,Global
FLSP,Global
ANEW,Global
DBMF,Global
EUCG,Global
TEQI,Global
WBIG,Global
UBOT,Global
WUGI,Global
FFSG,Global
AVIG,Global
WBIL,Global
JOYY,Global
TRTY,Global
BITQ,Global
HDG,Global
ROMO,Global
GYLD,Global
GBUG,Global
PLTM,Global
TCTL,Global
GDXU,Global
BCM,Global
TOKE,Global
CCRV,Global
GIGE,Global
TGRW,Global
BUYZ,Global
THNQ,Global
THY,Global
SPBC,Global
BCD,Global
FCEF,Global
SUBZ,Global
SPSK,Global
FTRI,Global
KMLM,Global
HJEN,Global
ALTY,Global
YLDE,Global
DAPP,Global
GLL,Global
HDRO,Global
FLQD,Global
KOIN,Global
DBS,Global
SMCP,Global
IAUF,Global
FMAG,Global
SGG,Global
FGRO,Global
OLD,Global
NLR,Global
FJNK,Global
JJN,Global
COW,Global
SNUG,Global
JJG,Global
FSMO,Global
MAMB,Global
GRES,Global
PQDI,Global
CRAK,Global
DBEH,Global
CANE,Global
PEX,Global
NFLT,Global
FORH,Global
GSP,Global
AVSF,Global
EAOA,Global
TDSA,Global
FRAK,Global
QMN,Global
GOAT,Global
TEGS,Global
SBUG,Global
NIB,Global
BTEK,Global
FLQG,Global
FLYT,Global
PSMB,Global
HELX,Global
LCR,Global
PLAT,Global
ADFI,Global
QPFF,Global
MOTO,Global
BLDG,Global
PSMG,Global
JJA,Global
BOB,Global
RFUN,Global
IGLD,Global
SPRE,Global
BAL,Global
ZSL,Global
EDUT,Global
FPRO,Global
MARB,Global
INFR,Global
USI,Global
KNGS,Global
QLS,Global
WINC,Global
JJM,Global
FLM,Global
JJE,Global
PSMM,Global
RAAX,Global
EKAR,Global
IQM,Global
OBOR,Global
QED,Global
ATFV,Global
TAGS,Global
FIGB,Global
FSEC,Global
MVP,Global
ALTS,Global
VEGA,Global
ASET,Global
PSMC,Global
UNL,Global
JJT,Global
LDRS,Global
SDCI,Global
BNE,Global
IWFH,Global
EAOR,Global
GCEC,Global
TFIV,Global
BGLD,Global
FAIL,Global
BMED,Global
JJP,Global
VNSE,Global
HART,Global
JJU,Global
DZZ,Global
BLHY,Global
TFLT,Global
PGM,Global
FTAG,Global
FWDB,Global
EAOM,Global
GRU,Global
EAOK,Global
RJZ,Global
GBLD,Global
GDXD,Global
JJS,Global
SULR,Global
SDGA,Global
FUT,Global
FOMO,Global
MCRO,Global
GLIF,Global
DWAT,Global
GAZ,Global
LUXE,Global
RJN,Global
VSLU,Global
DGZ,Global
AQWA,Global
JGLD,Global
UCYB,Global
MRAD,Global
FLUD,Global
XDAT,Global
VFIN,Global
VCLO,Global
ILDR,Global
WGLD,Global
VCAR,Global
SDEF,Global
SPQQ,Global
TRYP,Global
FUE,Global
IVDG,Global
IVSG,Global
VPOP,Global
LD,Global
VXUS,Global Ex US
BNDX,Global Ex US
VEU,Global Ex US
IXUS,Global Ex US
VSS,Global Ex US
VNQI,Global Ex US
ACWX,Global Ex US
IAGG,Global Ex US
VIGI,Global Ex US
VYMI,Global Ex US
VSGX,Global Ex US
CWI,Global Ex US
FPXI,Global Ex US
BWX,Global Ex US
RWX,Global Ex US
DWX,Global Ex US
IQDF,Global Ex US
PID,Global Ex US
VIDI,Global Ex US
HAUZ,Global Ex US
WIP,Global Ex US
DNL,Global Ex US
DINT,Global Ex US
IFV,Global Ex US
JPIB,Global Ex US
IBND,Global Ex US
IGRO,Global Ex US
BWZ,Global Ex US
QINT,Global Ex US
FLIA,Global Ex US
IPKW,Global Ex US
FDNI,Global Ex US
DBAW,Global Ex US
HAWX,Global Ex US
WWJD,Global Ex US
IHY,Global Ex US
AADR,Global Ex US
IQDE,Global Ex US
MOTI,Global Ex US
IQDY,Global Ex US
DRW,Global Ex US
JIG,Global Ex US
FID,Global Ex US
ERSX,Global Ex US
IPOS,Global Ex US
SCHY,Global Ex US
XBUY,Global Ex US
HDAW,Global Ex US
DSTX,Global Ex US
DWCR,Global Ex US
ACSG,Global Ex US
VWID,Global Ex US
OVF,Global Ex US
RODE,Global Ex US
DMCY,Global Ex US
EWZ,Latin America
ILF,Latin America
EWW,Latin America
ECH,Latin America
BRZU,Latin America
EPU,Latin America
EWZS,Latin America
FLBR,Latin America
BRF,Latin America
GXG,Latin America
ARGT,Latin America
ICOL,Latin America
LBJ,Latin America
MEXX,Latin America
FLN,Latin America
BZQ,Latin America
FBZ,Latin America
AGT,Latin America
UBR,Latin America
FLMX,Latin America
FLLA,Latin America
HEWW,Latin America
KSA,Mid East Africa
EZA,Mid East Africa
IZRL,Mid East Africa
ITEQ,Mid East Africa
EIS,Mid East Africa
QAT,Mid East Africa
ISRA,Mid East Africa
AFK,Mid East Africa
NGE,Mid East Africa
UAE,Mid East Africa
EGPT,Mid East Africa
KWT,Mid East Africa
FLSA,Mid East Africa
FLZA,Mid East Africa
SPY,North America
IVV,North America
VTI,North America
VOO,North America
QQQ,North America
AGG,North America
VTV,North America
BND,North America
VUG,North America
IJR,North America
IWM,North America
IJH,North America
IWF,North America
VIG,North America
IWD,North America
VO,North America
VB,North America
VCIT,North America
XLF,North America
VGT,North America
VNQ,North America
LQD,North America
VCSH,North America
XLK,North America
ITOT,North America
VYM,North America
BSV,North America
IVW,North America
DIA,North America
SCHX,North America
IWR,North America
IWB,North America
RSP,North America
TIP,North America
USMV,North America
XLV,North America
XLE,North America
MBB,North America
IGSB,North America
SCHD,North America
VBR,North America
VV,North America
IVE,North America
MUB,North America
HYG,North America
MDY,North America
XLI,North America
SCHB,North America
QUAL,North America
SHY,North America
SDY,North America
XLY,North America
DVY,North America
PFF,North America
DGRO,North America
SCHP,North America
IWN,North America
ESGU,North America
JPST,North America
VXF,North America
VLUE,North America
GOVT,North America
SCHA,North America
VBK,North America
VMBS,North America
VOE,North America
SHV,North America
IWP,North America
MTUM,North America
IWS,North America
VTIP,North America
MINT,North America
BIV,North America
SCHG,North America
VHT,North America
IUSB,North America
XLC,North America
IEF,North America
SPYV,North America
TLT,North America
VTEB,North America
VGSH,North America
GSLC,North America
BIL,North America
FVD,North America
TQQQ,North America
XLP,North America
IWO,North America
IWV,North America
IGIB,North America
XLU,North America
VFH,North America
IUSG,North America
IEI,North America
VOT,North America
SPYG,North America
MGK,North America
JNK,North America
IUSV,North America
SPLG,North America
IBB,North America
FDN,North America
SCHV,North America
IJS,North America
XLB,North America
SCHM,North America
IJJ,North America
SCHO,North America
SCHZ,North America
NOBL,North America
IJK,North America
SPLV,North America
USHY,North America
FTCS,North America
SPSB,North America
VGIT,North America
OEF,North America
IHI,North America
FNDX,North America
LMBS,North America
HDV,North America
PGX,North America
IYW,North America
SPIB,North America
BKLN,North America
XBI,North America
HYLB,North America
SOXX,North America
CWB,North America
IJT,North America
FLOT,North America
VONG,North America
VCR,North America
SCHH,North America
MOAT,North America
DGRW,North America
SKYY,North America
VONV,North America
USIG,North America
VDC,North America
SPAB,North America
AMLP,North America
KRE,North America
BBCA,North America
VIS,North America
VOOG,North America
VCLT,North America
FTEC,North America
IYR,North America
ICSH,North America
VDE,North America
STIP,North America
ISTB,North America
VTWO,North America
BLV,North America
PRF,North America
IGV,North America
SHYG,North America
SPTM,North America
SJNK,North America
SUB,North America
SHM,North America
SOXL,North America
VPU,North America
SPMD,North America
ANGL,North America
FNDA,North America
SPYD,North America
FTSM,North America
RDVY,North America
EWC,North America
ESGV,North America
XOP,North America
MGV,North America
QLD,North America
SPSM,North America
SLYV,North America
ONEQ,North America
VOX,North America
VAW,North America
MGC,North America
SSO,North America
PAVE,North America
KBE,North America
SPMB,North America
IWY,North America
TFI,North America
HYD,North America
USSG,North America
FAS,North America
SUSL,North America
SPTL,North America
QTEC,North America
SPTS,North America
SCHR,North America
IVOL,North America
IGM,North America
SPHD,North America
XLRE,North America
RPV,North America
SUSA,North America
DON,North America
DSI,North America
ITA,North America
QYLD,North America
DLN,North America
SPTI,North America
KBWB,North America
ITB,North America
SPHQ,North America
RYT,North America
IYE,North America
FHLC,North America
RPG,North America
XME,North America
IYH,North America
QCLN,North America
FXL,North America
FALN,North America
SPIP,North America
SLQD,North America
IYF,North America
IGLB,North America
MDYV,North America
FLRN,North America
VONE,North America
BSCM,North America
VOOV,North America
PZA,North America
IYG,North America
ICF,North America
UPRO,North America
GVI,North America
SPXL,North America
AMJ,North America
BAB,North America
SLYG,North America
JHMM,North America
FMB,North America
SPHB,North America
VGLT,North America
USRT,North America
IYT,North America
XHB,North America
EMLP,North America
TECL,North America
PRFZ,North America
PKW,North America
HYS,North America
PBUS,North America
BSCN,North America
DES,North America
FPX,North America
ILCG,North America
PTLC,North America
USMC,North America
FNCL,North America
PEJ,North America
RWR,North America
FBT,North America
SLY,North America
FXD,North America
IYJ,North America
PGF,North America
CMF,North America
ITM,North America
SCHK,North America
SQQQ,North America
BSCL,North America
PFFD,North America
FXR,North America
JMST,North America
XLG,North America
GBIL,North America
VRP,North America
TILT,North America
PDP,North America
FDL,North America
VIOO,North America
HYMB,North America
ICVT,North America
BBMC,North America
PHO,North America
TNA,North America
IYY,North America
PSC,North America
MDYG,North America
FREL,North America
JPHY,North America
REM,North America
FLCB,North America
JEPI,North America
IBDN,North America
IBDO,North America
QDF,North America
XMLV,North America
OMFL,North America
IYC,North America
FNGU,North America
PULS,North America
FDIS,North America
BBRE,North America
TDTT,North America
VIOV,North America
PSK,North America
FXH,North America
TBT,North America
BSCO,North America
IVOO,North America
FXO,North America
IBDM,North America
SH,North America
XAR,North America
IWC,North America
LCTU,North America
FLQL,North America
AVUV,North America
IBDP,North America
AVUS,North America
EAGG,North America
SDOG,North America
XSLV,North America
FTXR,North America
QQEW,North America
QLTA,North America
FEX,North America
IWX,North America
IHF,North America
IMCG,North America
SRVR,North America
USFR,North America
QQQJ,North America
WCLD,North America
JAGG,North America
VTWV,North America
IBDQ,North America
SPYX,North America
FTC,North America
JVAL,North America
FTA,North America
AGGY,North America
RWL,North America
VTHR,North America
FLCO,North America
REGL,North America
FUTY,North America
EDV,North America
FNX,North America
PNQI,North America
LRGF,North America
MSOS,North America
PEY,North America
VXX,North America
BSCP,North America
MLPA,North America
FIW,North America
NULV,North America
FENY,North America
SMLF,North America
FYX,North America
STPZ,North America
SUSB,North America
PTBD,North America
SPLB,North America
UDOW,North America
IYM,North America
PFXF,North America
RCD,North America
SIZE,North America
UYG,North America
ESML,North America
QQQM,North America
DTD,North America
XRT,North America
QUS,North America
GUSH,North America
SMDV,North America
CFO,North America
NUSC,North America
IWL,North America
XSD,North America
CDC,North America
IVOG,North America
XMMO,North America
ACES,North America
TLH,North America
AGZ,North America
FIDU,North America
IMCB,North America
ILCB,North America
SMMV,North America
SECT,North America
BSJM,North America
IVOV,North America
DFAU,North America
MLPX,North America
UVXY,North America
PHB,North America
UITB,North America
IAT,North America
DHS,North America
RYH,North America
IAI,North America
RDIV,North America
IDU,North America
FSTA,North America
FCOM,North America
LABU,North America
CORP,North America
PTNQ,North America
UWM,North America
EZM,North America
ROM,North America
PWV,North America
SWAN,North America
TIPX,North America
VUSB,North America
GSEW,North America
LVHD,North America
PPA,North America
XHE,North America
GIGB,North America
IGBH,North America
SGOV,North America
SUSC,North America
PWB,North America
IBDR,North America
JMBS,North America
XTN,North America
IGHG,North America
ILCV,North America
RWJ,North America
VTWG,North America
DIV,North America
ERX,North America
VTC,North America
CFA,North America
JHML,North America
CLTL,North America
ONEY,North America
IYK,North America
CMBS,North America
JPUS,North America
DRSK,North America
NULG,North America
OUSA,North America
XNTK,North America
EQAL,North America
EES,North America
RTM,North America
NRGU,North America
PFM,North America
REZ,North America
MUNI,North America
LQDH,North America
BSJN,North America
TDTF,North America
COWZ,North America
XSW,North America
BSJL,North America
TBF,North America
FMAT,North America
PSI,North America
IFRA,North America
FLTR,North America
RGI,North America
IPO,North America
SCHJ,North America
SNPE,North America
PSQ,North America
LTPZ,North America
HNDL,North America
SDS,North America
PSJ,North America
DTN,North America
LGLV,North America
EPS,North America
SVXY,North America
VIOG,North America
NANR,North America
ONEV,North America
CATH,North America
BBUS,North America
SPGP,North America
NYF,North America
FXZ,North America
PTH,North America
GNMA,North America
PSCH,North America
HYDW,North America
ISCG,North America
PWZ,North America
DDM,North America
TPYP,North America
MDIV,North America
NTSX,North America
DWAS,North America
RHS,North America
FTSD,North America
BSCQ,North America
IGE,North America
KIE,North America
ISCV,North America
IMCV,North America
CSM,North America
QDEF,North America
DIVO,North America
VRIG,North America
NAIL,North America
IG,North America
SPXU,North America
IYZ,North America
KRMA,North America
DPST,North America
IBDS,North America
ULVM,North America
KBWD,North America
TMFC,North America
RYF,North America
FDLO,North America
PTMC,North America
PSCT,North America
VUSE,North America
MMIN,North America
BIZD,North America
RWK,North America
EUSA,North America
SMMU,North America
ILTB,North America
FYC,North America
FLGV,North America
JHSC,North America
BBSC,North America
PLW,North America
IQSU,North America
FNY,North America
GSSC,North America
URTY,North America
VBND,North America
DMRL,North America
PFFA,North America
CAPE,North America
VFVA,North America
DUSA,North America
FVAL,North America
GSUS,North America
RZV,North America
SPXS,North America
RFG,North America
CNRG,North America
ROUS,North America
PJAN,North America
IBMK,North America
DFEN,North America
GOVZ,North America
ULST,North America
FNDB,North America
XSVM,North America
IHE,North America
SYLD,North America
CALF,North America
IEO,North America
QQQE,North America
TECB,North America
SCHI,North America
SDOW,North America
SPHY,North America
PJP,North America
VSDA,North America
SPBO,North America
KBWY,North America
TZA,North America
FXN,North America
DSTL,North America
JQUA,North America
XITK,North America
FYT,North America
NUSI,North America
ZROZ,North America
MORT,North America
SHYD,North America
IBML,North America
BSCR,North America
ONEO,North America
VIXY,North America
BSJO,North America
PKB,North America
DFEB,North America
NUMG,North America
BKLC,North America
SMMD,North America
CLRG,North America
IBMJ,North America
SMB,North America
SKOR,North America
AMZA,North America
PRN,North America
USVM,North America
TAIL,North America
PAPR,North America
FXG,North America
XYLD,North America
BSCS,North America
TFLO,North America
BIB,North America
TMV,North America
FCTR,North America
FCOR,North America
MEAR,North America
GSST,North America
PBE,North America
PMAY,North America
EUSB,North America
PTF,North America
FTXO,North America
FFEB,North America
USTB,North America
XMHQ,North America
BUZZ,North America
XPH,North America
BSJP,North America
IBDT,North America
RWM,North America
USD,North America
DEF,North America
FLV,North America
AIRR,North America
CSB,North America
JPME,North America
NUBD,North America
XMVM,North America
FCG,North America
ISCB,North America
VALQ,North America
NUMV,North America
SFY,North America
SSUS,North America
BIBL,North America
HAIL,North America
FFTY,North America
REML,North America
SHE,North America
SIXH,North America
FLDR,North America
JUST,North America
FLGE,North America
DIG,North America
HYGV,North America
DOG,North America
MLN,North America
ADME,North America
SMLV,North America
CDL,North America
IBMM,North America
QGRO,North America
CZA,North America
FMHI,North America
EFIV,North America
SBIO,North America
USXF,North America
EPRF,North America
MLPB,North America
PYZ,North America
QID,North America
SPFF,North America
TMF,North America
ACIO,North America
SPD,North America
FDG,North America
FLBL,North America
EQL,North America
FAD,North America
GVIP,North America
CSML,North America
VLU,North America
PSEP,North America
RFV,North America
RYU,North America
DGRS,North America
QVAL,North America
RYE,North America
GCOR,North America
AGZD,North America
FQAL,North America
INDS,North America
MOON,North America
TTAC,North America
DEUS,North America
PFEB,North America
BUFR,North America
FNGO,North America
GHYB,North America
AIEQ,North America
PXI,North America
XMPT,North America
XHS,North America
ATMP,North America
MVV,North America
TPLC,North America
IBD,North America
XES,North America
QQH,North America
PSCE,North America
MILN,North America
FNOV,North America
CCOR,North America
JSMD,North America
OVL,North America
FXC,North America
KNG,North America
JMOM,North America
XSMO,North America
LGH,North America
SHAG,North America
AUSF,North America
HMOP,North America
PHDG,North America
BYLD,North America
MFMS,North America
FXU,North America
JPSE,North America
LDSF,North America
IUS,North America
DJD,North America
FDM,North America
TIPZ,North America
FAB,North America
ESG,North America
RYLD,North America
VCEB,North America
PBP,North America
MMIT,North America
GBF,North America
ETHO,North America
VSMV,North America
THCX,North America
BJAN,North America
FNK,North America
RETL,North America
IGEB,North America
IBMN,North America
DRN,North America
HIBL,North America
PDEC,North America
BTEC,North America
FLLV,North America
WFHY,North America
KORP,North America
HYZD,North America
OPER,North America
OUSM,North America
SIXA,North America
CURE,North America
EMNT,North America
QABA,North America
QLV,North America
PSCD,North America
VRAI,North America
ESGA,North America
IEZ,North America
JSML,North America
PPTY,North America
XLSR,North America
SPVU,North America
QQXT,North America
BFOR,North America
FUMB,North America
QQQN,North America
TPHD,North America
RYJ,North America
DEED,North America
RZG,North America
FBGX,North America
EWMC,North America
RVNU,North America
POCT,North America
FDMO,North America
USMF,North America
PMAR,North America
MSTB,North America
ENTR,North America
PWC,North America
SVAL,North America
PJUN,North America
PSCI,North America
HYLD,North America
FLMB,North America
IMTB,North America
RFDA,North America
OVB,North America
TPOR,North America
BAPR,North America
RXL,North America
HYDB,North America
SIXL,North America
TAXF,North America
HYBB,North America
URE,North America
PSR,North America
BNKU,North America
BKSE,North America
WFH,North America
DVOL,North America
FIBR,North America
ISMD,North America
USDU,North America
BNDC,North America
DAPR,North America
XOUT,North America
HUSV,North America
PSL,North America
SPDN,North America
RBUS,North America
HTAB,North America
PZT,North America
FAPR,North America
PEZ,North America
MXDU,North America
MIDU,North America
SOXS,North America
NJAN,North America
IBDU,North America
PBS,North America
FJAN,North America
SRTY,North America
PUTW,North America
FSMB,North America
OSCV,North America
FAZ,North America
MBSD,North America
HYXF,North America
HLAL,North America
FRI,North America
VFMO,North America
HYHG,North America
EDOW,North America
UJAN,North America
BKMC,North America
IBMO,North America
IAK,North America
LSAT,North America
KJAN,North America
DUSL,North America
UYM,North America
HYLV,North America
FUNL,North America
AESR,North America
IGN,North America
KCE,North America
DMRM,North America
MUST,North America
BSCT,North America
PBJ,North America
HYGH,North America
IETC,North America
DXD,North America
BUFD,North America
TDV,North America
ALTL,North America
FCAL,North America
DNOV,North America
NETL,North America
TTT,North America
LSAF,North America
QLC,North America
GTIP,North America
UMI,North America
BTAL,North America
IIGD,North America
EQWL,North America
RISN,North America
RESP,North America
BKAG,North America
KBWR,North America
SDVY,North America
OMFS,North America
QMOM,North America
VFMF,North America
VIXM,North America
DFHY,North America
AMUB,North America
MMTM,North America
VFQY,North America
DWUS,North America
PAUG,North America
IBDV,North America
DYNF,North America
SPYC,North America
NUHY,North America
QDEC,North America
KBWP,North America
SPMO,North America
XTL,North America
DIVB,North America
FMAY,North America
BFEB,North America
KAPR,North America
FAUG,North America
DWEQ,North America
BSJQ,North America
DFNV,North America
BMAY,North America
BOCT,North America
JMUB,North America
PXE,North America
MFUS,North America
CSD,North America
ACSI,North America
DAUG,North America
PFFR,North America
WEBL,North America
LQDB,North America
FMAR,North America
FTXL,North America
ONOF,North America
KDFI,North America
SZNE,North America
IBDD,North America
HOMZ,North America
JOET,North America
TWM,North America
TBX,North America
GURU,North America
HKND,North America
XVV,North America
FDEC,North America
SPUS,North America
BDEC,North America
FNGS,North America
SSPY,North America
KLCD,North America
CHGX,North America
AMNA,North America
PJUL,North America
XWEB,North America
SCHQ,North America
QSY,North America
FOCT,North America
WBIY,North America
UTRN,North America
BBSA,North America
XVOL,North America
SENT,North America
IBMQ,North America
BMAR,North America
FJUN,North America
BSEP,North America
DRIP,North America
SHYL,North America
DJAN,North America
UOCT,North America
EWSC,North America
BTC,North America
UMDD,North America
NUAG,North America
PNOV,North America
FTXN,North America
CSF,North America
TECS,North America
FSMD,North America
RFFC,North America
PHYL,North America
UAPR,North America
JHMT,North America
SPAK,North America
ENFR,North America
LKOR,North America
FNGD,North America
NOCT,North America
PSCC,North America
BDCZ,North America
DDEC,North America
HIPS,North America
DMAR,North America
JHMI,North America
PFIX,North America
SIXS,North America
GERM,North America
SIMS,North America
VEGN,North America
JIGB,North America
SJB,North America
PALC,North America
ROOF,North America
AZBJ,North America
BJUN,North America
PSCF,North America
BUFF,North America
HDGE,North America
TPSC,North America
PFI,North America
DVLU,North America
QPX,North America
NAPR,North America
IBTB,North America
PWS,North America
VFLQ,North America
IBHC,North America
SMHB,North America
PFIG,North America
ARCM,North America
DEEP,North America
HEGD,North America
IBHB,North America
BSMM,North America
XRLV,North America
FFHG,North America
ABEQ,North America
BJUL,North America
MVRL,North America
JHMC,North America
DDIV,North America
MJJ,North America
IBMP,North America
PVI,North America
FTHI,North America
DBLV,North America
VFMV,North America
DURA,North America
TAEQ,North America
WFIG,North America
PUI,North America
AMTR,North America
PXJ,North America
MLPY,North America
SAA,North America
DMRS,North America
HOLD,North America
FOVL,North America
JHMH,North America
RINF,North America
FLMI,North America
GLRY,North America
PSET,North America
EWCO,North America
EWRE,North America
DMAY,North America
MBND,North America
BKHY,North America
GSPY,North America
LABD,North America
KOCT,North America
CNCR,North America
SNLN,North America
MMLG,North America
PST,North America
FRLG,North America
LEAD,North America
RWVG,North America
UMAY,North America
NURE,North America
AZAJ,North America
DOCT,North America
PBSM,North America
FLQM,North America
FJUL,North America
USEP,North America
PY,North America
SPDV,North America
WANT,North America
IBHA,North America
KSCD,North America
BBC,North America
UXI,North America
NUSA,North America
BSML,North America
IHYF,North America
PAMC,North America
BDCX,North America
UMAR,North America
PXQ,North America
IBTI,North America
QARP,North America
JHMF,North America
SPVM,North America
IBTD,North America
DBOC,North America
PBTP,North America
IIGV,North America
FEVR,North America
XSHQ,North America
XDIV,North America
VXZ,North America
IUSS,North America
IEIH,North America
MLPR,North America
AMND,North America
SPXB,North America
BKSB,North America
MTGP,North America
CBTG,North America
LGOV,North America
OVT,North America
YPS,North America
TADS,North America
DFND,North America
DIVZ,North America
SCDL,North America
FSEP,North America
BAUG,North America
UDEC,North America
PSCM,North America
BSMP,North America
UTES,North America
STNC,North America
AZAO,North America
JDIV,North America
KVLE,North America
SFYX,North America
LSST,North America
VPC,North America
UFEB,North America
CEFD,North America
JHMA,North America
IWDL,North America
PIFI,North America
LQDI,North America
IBHD,North America
IEHS,North America
FLRT,North America
RDFI,North America
RDOG,North America
UCC,North America
TSJA,North America
JHCS,North America
UBT,North America
ZIG,North America
IBCE,North America
SFIG,North America
BSMO,North America
BSMN,North America
AZBO,North America
QULL,North America
LFEQ,North America
PFFV,North America
XJH,North America
AMOM,North America
MGMT,North America
NACP,North America
RBND,North America
IBTH,North America
ALFA,North America
WBIT,North America
USML,North America
NJUL,North America
FLCA,North America
UJB,North America
CWS,North America
TMDV,North America
XBAP,North America
BSJR,North America
FCPI,North America
GSIG,North America
SPXZ,North America
AVMU,North America
IBHE,North America
LRNZ,North America
RNLC,North America
IWML,North America
JHME,North America
RORO,North America
FITE,North America
SPUU,North America
PSCU,North America
CSA,North America
UJUN,North America
HYMU,North America
HTUS,North America
EINC,North America
IWFL,North America
BBP,North America
WOMN,North America
JCTR,North America
INMU,North America
NULC,North America
PFLD,North America
PAB,North America
AZBA,North America
SPXE,North America
SPMV,North America
UJUL,North America
ROKT,North America
TSOC,North America
FRTY,North America
MLPO,North America
VAMO,North America
MTUL,North America
IDIV,North America
DWSH,North America
VSL,North America
IEDI,North America
XSHD,North America
USAI,North America
BSMQ,North America
BSCU,North America
MSVX,North America
UAUG,North America
CLDL,North America
IEME,North America
DSEP,North America
SYUS,North America
JHMS,North America
ERY,North America
RECS,North America
DSOC,North America
SEIX,North America
SFYF,North America
BFTR,North America
TUSA,North America
SSLY,North America
FTXH,North America
IBTA,North America
LCG,North America
DJUL,North America
MJO,North America
QDYN,North America
PBND,North America
IBTF,North America
MBCC,North America
BNOV,North America
JHCB,North America
BOUT,North America
PILL,North America
JMIN,North America
UTSL,North America
PFFL,North America
PYPE,North America
AZAA,North America
ARMR,North America
CLDS,North America
RNMC,North America
FLQS,North America
TGIF,North America
UST,North America
DJUN,North America
BSMR,North America
TYD,North America
IBTE,North America
TYO,North America
IBHF,North America
RAFE,North America
IBTJ,North America
SQLV,North America
JHMU,North America
QRFT,North America
HYUP,North America
HIBS,North America
IBTG,North America
AZAL,North America
KJUL,North America
DRV,North America
TACE,North America
SEF,North America
HDLB,North America
QYLG,North America
QCON,North America
SRS,North America
DUG,North America
FMNY,North America
GNAF,North America
MID,North America
IECS,North America
SFHY,North America
MIG,North America
HSMV,North America
REIT,North America
IMLP,North America
PQSG,North America
PQLC,North America
DBJA,North America
EQOP,North America
VICE,North America
UPW,North America
MCEF,North America
QMAR,North America
EGIS,North America
PQSV,North America
UGE,North America
BSMS,North America
BSMT,North America
MAGA,North America
XVZ,North America
BSJS,North America
SKF,North America
SLT,North America
UNOV,North America
XDQQ,North America
TERM,North America
HYTR,North America
RNDV,North America
MYY,North America
NIFE,North America
TFJL,North America
CCON,North America
NRGD,North America
BOSS,North America
ERM,North America
LYFE,North America
REC,North America
ACVF,North America
MINN,North America
DWPP,North America
VNMC,North America
SMLE,North America
OPPX,North America
MIDE,North America
HEWC,North America
XDSQ,North America
RNSC,North America
OVM,North America
RWGV,North America
RTAI,North America
SEPZ,North America
XJR,North America
LOPP,North America
AAA,North America
BILS,North America
MBBB,North America
AUGZ,North America
MBOX,North America
FTLB,North America
ROSC,North America
SVOL,North America
USLB,North America
BIS,North America
HIPR,North America
FLRG,North America
QDIV,North America
SPUC,North America
PSFF,North America
ECOZ,North America
CBSE,North America
DWMC,North America
OVLH,North America
QTAP,North America
FTXD,North America
DYHG,North America
ESNG,North America
AMER,North America
QMJ,North America
BSMU,North America
ESCR,North America
CBLS,North America
IBBJ,North America
MAYZ,North America
DEFN,North America
AFLG,North America
SOGU,North America
SPXN,North America
REK,North America
SPXT,North America
STLV,North America
STSB,North America
MARZ,North America
EMTY,North America
EQRR,North America
SMDY,North America
TAAG,North America
MRSK,North America
FTXG,North America
XDAP,North America
LIV,North America
IVLC,North America
IEFN,North America
STMB,North America
PLTL,North America
SDEI,North America
HDIV,North America
VABS,North America
LSLT,North America
LBAY,North America
REVS,North America
STLC,North America
DFVL,North America
XTAP,North America
FEDX,North America
NVQ,North America
OVS,North America
ESGS,North America
BNKD,North America
JULZ,North America
MIDF,North America
REW,North America
PSFM,North America
MJUS,North America
BEDZ,North America
AZBL,North America
WWOW,North America
APRZ,North America
AVDR,North America
STLG,North America
RALS,North America
DSJA,North America
SBB,North America
VIRS,North America
OCTZ,North America
UGCE,North America
WEBS,North America
SXQG,North America
XYLG,North America
CFCV,North America
SPXV,North America
WIL,North America
SMDD,North America
PSMD,North America
EATZ,North America
MAAX,North America
DIVA,North America
AMCA,North America
BUL,North America
GGRW,North America
DECZ,North America
JANZ,North America
SHLD,North America
FNGZ,North America
QPT,North America
DEMZ,North America
VTRN,North America
PSMR,North America
HYIN,North America
NVMZ,North America
DSPC,North America
DDG,North America
TBJL,North America
PSFD,North America
GBDV,North America
QQC,North America
QQD,North America
RODI,North America
SSG,North America
PSY,North America
HLGE,North America
DFVS,North America
LTL,North America
ASPY,North America
SDP,North America
IBTK,North America
PSCX,North America
PSCW,North America
PEXL,North America
FEBZ,North America
EPRE,North America
MZZ,North America
SDD,North America
VETS,North America
SKYU,North America
GLDB,North America
USEQ,North America
SMN,North America
AVDG,North America
IVRA,North America
EEH,North America
RXD,North America
AFSM,North America
AFMC,North America
JUNZ,North America
LEND,North America
GBLO,North America
GBGR,North America
SZK,North America
SBM,North America
SCC,North America
SIJ,North America
FATT,North America
QQQA,North America
TWIO,North America
PLRG,North America
PFUT,North America
PGRO,North America
PLDR,North America
